company_name,industry,website,city,state,zip_code,phone,year_incorporated,company_age_years,executive_officers,board_directors,total_funding,latest_funding_amount,latest_funding_stage,latest_funding_date,Total Approvals,Total Denials,Approval_Rate,median_salary_offered,top_job_titles_sponsored
ACME DATA INC,Software,,,CA,,,,,,,,,,,25.0,1.0,96.15,120000.0,"['Data Engineer', 'Software Engineer']"
SMALLCO LLC,Software,,,NY,,,,,,,,,,,3.0,0.0,100.0,95000.0,"['Senior Analytics Engineer']"
BIGSPONSOR CORP,Software,,,TX,,,,,,,,,,,500.0,5.0,99.0,130000.0,"['Software Engineer', 'Product Manager']"
EMPTYCO INC,Software,,,MA,,,,,,,,,,,,,,,
TWIN NAME INC,Software,,,CA,,,,,,,,,,,10.0,0.0,100.0,100000.0,"['Data Engineer']"
TWIN NAME LLC,Software,,,WA,,,,,,,,,,,12.0,0.0,100.0,101000.0,"['Data Engineer']"
MANAGERONLY INC,Software,,,CA,,,,,,,,,,,40.0,0.0,100.0,150000.0,"['Manager, Data Engineering']"
GHOSTHIRE INC,Software,,,CA,,,,,,,,,,,50.0,1.0,98.0,125000.0,"['Data Engineer', 'Data Scientist']"
"QUOTED, COMMA INC",Software,,,IL,,,,,,,"He said ""hi""",,,,15.0,0.0,100.0,110000.0,"['ETL Developer']"
